Song Name,Original Artist,Times Played,Debut,Last Seen,Current Gap
Army of One,Phish,17,2003-07-12,2016-01-17,0
Bathtub Gin,Phish,247,1989-05-26,2016-01-17,0
Bug,Amfibian,63,1999-06-24,2016-01-17,0
Crosseyed and Painless,Talking Heads,37,1996-10-31,2016-01-17,0
Down with Disease,Phish,261,1993-12-31,2016-01-17,0
Farmhouse,Phish,62,1997-11-07,2016-01-17,0
Funky Bitch,Son Seals,196,1986-12-06,2016-01-17,0
Kill Devil Falls,Phish,76,2009-06-02,2016-01-17,0
Mexican Cousin,Phish,13,2003-01-02,2016-01-17,0
Mike's Song,Phish,500,1985-02-01,2016-01-17,0
Roggae,Phish,77,1998-06-29,2016-01-17,0
Sample in a Jar,Phish,280,1993-02-04,2016-01-17,0
Saw It Again,New York!,26,1997-06-06,2016-01-17,0
Slave to the Traffic Light,Phish,224,1984-12-01,2016-01-17,0
The Curtain With,Phish,33,1987-08-09,2016-01-17,0
The Landlady,Phish,209,1990-09-13,2016-01-17,0
The Moma Dance,Phish,136,1998-06-29,2016-01-17,0
The Ocean,Led Zeppelin,1,2016-01-17,2016-01-17,0
Weekapaug Groove,Phish,465,1988-07-23,2016-01-17,0
Yarmouth Road,Phish,22,2013-07-05,2016-01-17,0
46 Days,Phish,76,2002-12-14,2016-01-16,1
555,Phish,28,2013-10-31,2016-01-16,1
Camel Walk,Phish,53,1984-11-03,2016-01-16,1
Chalk Dust Torture,Phish,444,1991-02-01,2016-01-16,1
Character Zero,Phish,188,1996-06-06,2016-01-16,1
Cities,Talking Heads,85,1984-12-01,2016-01-16,1
Golden Age,TV on the Radio,36,2009-11-27,2016-01-16,1
Halfway to the Moon,Phish,30,2010-06-19,2016-01-16,1
Harry Hood,Phish,358,1985-10-30,2016-01-16,1
Joy,Phish,37,2009-06-07,2016-01-16,1
Julius,Phish,208,1994-04-04,2016-01-16,1
Light,Trey Anastasio,74,2009-05-31,2016-01-16,1
Prince Caspian,Phish,139,1995-06-08,2016-01-16,1
Reba,Phish,376,1989-10-01,2016-01-16,1
Rift,Phish,276,1990-02-25,2016-01-16,1
Simple,Phish,157,1994-05-27,2016-01-16,1
Timber (Jerry),Josh White and Sam Gary,82,1987-04-29,2016-01-16,1
Twenty Years Later,Phish,22,2009-06-05,2016-01-16,1
Wading in the Velvet Sea,Phish,85,1997-06-06,2016-01-16,1
A Song I Heard the Ocean Sing,Phish,26,2004-06-17,2016-01-15,2
Also Sprach Zarathustra,"Strauss, as interpreted by Deodato",207,1993-07-16,2016-01-15,2
David Bowie,Phish,467,1986-10-31,2016-01-15,2
Drowned,The Who,41,1995-10-31,2016-01-15,2
Free,Phish,162,1995-05-14,2016-01-15,2
Fuego,Phish,31,2013-10-31,2016-01-15,2
Ghost,Phish,145,1997-06-06,2016-01-15,2
Halley's Comet,Phish,119,1986-05-17,2016-01-15,2
Martian Monster,Phish,11,2014-10-31,2016-01-15,2
My Soul,Clifton Chenier,73,1997-02-13,2016-01-15,2
Possum,Phish,512,1985-09-27,2016-01-15,2
Rock and Roll,The Velvet Underground,75,1998-10-31,2016-01-15,2
Sand,Trey Anastasio,79,1999-09-11,2016-01-15,2
Shine a Light,The Rolling Stones,16,2009-10-31,2016-01-15,2
The Wedge,Phish,87,1993-02-03,2016-01-15,2
Theme From the Bottom,Phish,141,1995-05-14,2016-01-15,2
What's the Use?,Phish,25,1999-07-04,2016-01-15,2
Wolfman's Brother,Phish,176,1994-04-04,2016-01-15,2
Ya Mar,Cyril Ferguson,210,1987-02-21,2016-01-15,2
AC/DC Bag,Phish,301,1986-04-01,2016-01-02,3
Axilla,Phish,96,1992-11-19,2016-01-02,3
Divided Sky,Phish,403,1987-08-09,2016-01-02,3
Horn,Phish,158,1990-05-24,2016-01-02,3
It's Ice,Phish,236,1991-09-25,2016-01-02,3
Limb By Limb,Phish,132,1997-06-06,2016-01-02,3
Maze,Phish,298,1992-01-14,2016-01-02,3
NICU,Phish,129,1992-01-14,2016-01-02,3
Suzy Greenberg,Phish,413,1987-02-13,2016-01-02,3
The Lizards,Phish,307,1988-01-27,2016-01-02,3
Train Song,Phish,50,1996-07-21,2016-01-02,3
Tweezer,Phish,375,1990-03-28,2016-01-02,3
Tweezer Reprise,Phish,263,1991-02-01,2016-01-02,3
You Enjoy Myself,Phish,597,1985-02-01,2016-01-02,3
Your Pet Cat,Phish,4,2014-10-31,2016-01-02,3
Dirt,New York!,63,1997-06-06,2016-01-01,4
Heavy Things,Amfibian,79,1999-09-11,2016-01-01,4
How Many People Are You,Mike Gordon,4,2015-07-22,2016-01-01,4
Lawn Boy,Phish,196,1989-11-30,2016-01-01,4
Ocelot,Phish,71,2009-05-31,2016-01-01,4
Run Like an Antelope,Phish,442,1985-02-01,2016-01-01,4
Stash,Phish,407,1990-09-13,2016-01-01,4
Stealing Time From the Faulty ...,Phish,61,2009-06-02,2016-01-01,4
Undermind,Trey Anastasio,29,2009-03-08,2016-01-01,4
Wingsuit,Phish,20,2013-10-31,2016-01-01,4
Auld Lang Syne,Traditional,21,1989-12-30,2015-12-31,5
Backwards Down the Number Line,Trey Anastasio,92,2009-03-06,2015-12-31,5
Birds of a Feather,Phish,102,1998-04-02,2015-12-31,5
Blaze On,Phish,10,2015-07-21,2015-12-31,5
Carini,Phish,79,1997-02-17,2015-12-31,5
Cavern,Phish,442,1990-03-28,2015-12-31,5
Happy Birthday to You,Traditional,19,1983-12-02,2015-12-31,5
I Didn't Know,Phish,253,1987-11-18,2015-12-31,5
No Men In No Man's Land,Phish,10,2015-07-21,2015-12-31,5
Piper,Phish,150,1997-06-06,2015-12-31,5
Silent in the Morning,Phish,172,1992-01-14,2015-12-31,5
The Horse,Phish,158,1992-01-14,2015-12-31,5
Tube,Phish,131,1990-09-13,2015-12-31,5
Twist,Phish,113,1997-06-06,2015-12-31,5
Walls of the Cave,Phish,41,2002-12-31,2015-12-31,5
Wilson,Phish,265,1986-10-12,2015-12-31,5
Back on the Train,Trey Anastasio,104,1999-06-24,2015-12-30,6
Bouncing Around the Room,Phish,452,1990-01-20,2015-12-30,6
Can't Always Listen,Phish,1,2015-12-30,2015-12-30,6
The Dogs,Phish,6,2014-10-31,2015-12-30,6
Waiting All Night,Phish,24,2013-10-31,2015-12-30,6
Waves,Phish,36,2002-12-31,2015-12-30,6
After Midnight,J.J. Cale,7,1999-12-31,2015-09-06,7
Frankenstein,The Edgar Winter Group,88,1989-11-11,2015-09-06,7
Harpua,Phish,81,1987-08-09,2015-09-06,7
Keyboard Army,Phish,15,1995-09-27,2015-09-06,7
NO2,Phish,8,1994-06-25,2015-09-06,7
Once in a Lifetime,Talking Heads,2,1996-10-31,2015-09-06,7
Scent of a Mule,Phish,137,1994-04-04,2015-09-06,7
Seven Below,Phish,38,2002-12-31,2015-09-06,7
Steam,Phish,20,2011-06-04,2015-09-06,7
The Birdwatcher,Phish,4,2010-12-28,2015-09-06,7
The Line,Phish,23,2013-10-31,2015-09-06,7
United We Stand,Brotherhood of Man,1,2015-09-06,2015-09-06,7
A Day in the Life,The Beatles,66,1995-06-10,2015-09-05,8
Mercury,Phish,3,2015-07-22,2015-09-05,8
Sleeping Monkey,Phish,84,1992-01-14,2015-09-05,8
Split Open and Melt,Phish,308,1989-02-17,2015-09-05,8
Winterqueen,Trey Anastasio,12,2013-10-31,2015-09-05,8
Bike,Pink Floyd,42,1987-11-19,2015-09-04,9
Hold Your Head Up,Argent,526,1987-08-21,2015-09-04,9
Loving Cup,The Rolling Stones,122,1993-02-03,2015-09-04,9
Roses Are Free,Ween,44,1997-12-11,2015-09-04,9
Buffalo Bill,Phish,17,1992-11-21,2015-08-23,10
Punch You In the Eye,Phish,147,1989-08-17,2015-08-23,10
Scents and Subtle Sounds,Phish,19,2003-07-06,2015-08-23,10
Boogie On Reggae Woman,Stevie Wonder,75,1987-02-21,2015-08-22,11
Drive-In Jam,Phish,1,2015-08-22,2015-08-22,11
Meatstick,Phish,52,1997-06-25,2015-08-22,11
Mound,Phish,110,1992-01-14,2015-08-22,11
Scabbard,Trey Anastasio,2,2015-07-22,2015-08-22,11
When the Circus Comes,Los Lobos,62,1997-02-13,2015-08-22,11
Avenu Malkenu,Traditional,79,1987-05-11,2015-08-21,12
First Tube,Trey Anastasio,81,1999-09-09,2015-08-21,12
Mock Song,Phish,2,2003-07-12,2015-08-21,12
The Man Who Stepped Into Yeste...,Phish,138,1987-05-11,2015-08-21,12
Waste,Phish,73,1996-06-06,2015-08-21,12
Jam,Traditional,76,1984-11-03,2015-08-20,13
Golgi Apparatus,Phish,450,1986-10-12,2015-08-16,14
Nothing,Amfibian,6,2004-06-17,2015-08-16,14
Sneakin' Sally Through the All...,Lee Dorsey,69,1985-03-08,2015-08-16,14
Big Black Furry Creature from ...,Phish,133,1987-08-21,2015-08-15,15
Buried Alive,Phish,150,1990-09-13,2015-08-15,15
Glide,Phish,115,1991-09-27,2015-08-15,15
McGrupp and the Watchful Hosem...,Phish,111,1985-04-06,2015-08-15,15
Devotion To a Dream,Phish,17,2013-10-31,2015-08-14,16
Fire,Jimi Hendrix Experience,133,1984-12-01,2015-08-14,16
Llama,Phish,302,1990-10-27,2015-08-14,16
No Quarter,Led Zeppelin,8,2011-06-01,2015-08-14,16
Crowd Control,Phish,14,2003-11-28,2015-08-11,18
Dog Faced Boy,Phish,51,1994-04-14,2015-08-11,18
Grind,Phish,20,1998-12-30,2015-08-11,18
Skin It Back,Little Feat,13,1986-10-15,2015-08-11,18
Taste,Phish,126,1995-05-14,2015-08-11,18
Vultures,Phish,37,1997-06-06,2015-08-11,18
Brian and Robert,Phish,41,1998-06-30,2015-08-09,19
Colonel Forbin's Ascent,Phish,125,1988-03-12,2015-08-09,19
Contact,Phish,162,1988-06-15,2015-08-09,19
Esther,Phish,126,1988-09-12,2015-08-09,19
Fly Famous Mockingbird,Phish,136,1988-02-07,2015-08-09,19
Sanity,Phish,38,1986-10-15,2015-08-09,19
The Sloth,Phish,167,1987-08-09,2015-08-09,19
The Very Long Fuse,Phish,2,2014-10-31,2015-08-09,19
Weigh,Phish,40,1992-01-14,2015-08-09,19
Frankie Says,Phish,29,1998-04-02,2015-08-08,20
Poor Heart,Phish,296,1988-08-04,2015-08-08,20
Ginseng Sullivan,Norman Blake,77,1993-08-11,2015-08-07,21
Good Times Bad Times,Led Zeppelin,214,1986-12-06,2015-08-07,21
Makisupa Policeman,Phish,101,1984-10-23,2015-08-07,21
My Sweet One,Phish,240,1989-09-09,2015-08-07,21
Gotta Jibboo,Trey Anastasio,73,1999-09-10,2015-08-05,22
Gumbo,Phish,97,1990-09-28,2015-08-05,22
The Last Step,Mike Gordon,1,2015-08-05,2015-08-05,22
Shade,Phish,3,2015-07-21,2015-08-04,23
Meat,Phish,31,1998-07-02,2015-08-02,24
"My Friend, My Friend",Phish,140,1992-01-14,2015-08-02,24
Nellie Kane,Hot Rize,64,1993-02-23,2015-08-01,25
Runaway Jim,Phish,374,1990-03-28,2015-08-01,25
I Am Hydrogen,Phish,331,1985-04-06,2015-07-31,26
Guelah Papyrus,Phish,201,1991-02-01,2015-07-29,27
The Connection,Phish,4,2009-06-19,2015-07-29,27
The Squirming Coil,Phish,345,1990-01-20,2015-07-29,27
Party Time,Phish,19,2009-08-15,2015-07-28,28
Sugar Shack,Phish,20,2009-06-07,2015-07-28,28
Water in the Sky,Phish,72,1997-06-06,2015-07-28,28
Heavy Rotation,Page McConnell,1,2015-07-22,2015-07-22,31
Plasma,Trey Anastasio,3,2014-10-17,2015-01-03,33
Rocky Top,Osborne Brothers,195,1987-09-21,2015-01-02,34
Dem Bones,James Weldon Johnson,1,2014-12-31,2014-12-31,36
Foam,Phish,341,1988-10-29,2014-11-02,37
Wombat,Phish,9,2013-10-31,2014-11-02,37
Fuck Your Face,Phish,10,1987-04-29,2014-11-01,38
Lengthwise,Phish,28,1992-11-19,2014-11-01,38
Sing Monica,Phish,7,2013-10-31,2014-11-01,38
The Star Spangled Banner,Francis Scott Key,20,1996-10-17,2014-11-01,38
Guyute,Phish,123,1994-10-07,2014-10-31,39
Intro,Phish,1,2014-10-31,2014-10-31,39
Is This What You Wanted,Leonard Cohen,1,2014-10-31,2014-10-31,39
Shipwreck,Phish,1,2014-10-31,2014-10-31,39
The Birds,Phish,1,2014-10-31,2014-10-31,39
The Chinese Water Torture,Phish,1,2014-10-31,2014-10-31,39
The Haunted House,Phish,1,2014-10-31,2014-10-31,39
The Unsafe Bridge,Phish,1,2014-10-31,2014-10-31,39
Timber,Phish,1,2014-10-31,2014-10-31,39
Strange Design,Phish,61,1995-05-14,2014-10-29,40
Mountains in the Mist,Trey Anastasio,21,1999-07-03,2014-10-28,41
Take Me Out to the Ballgame,Tin Pan Alley,1,2014-10-27,2014-10-27,42
Walfredo,Phish,7,1997-02-13,2014-10-27,42
Destiny Unbound,Phish,40,1990-09-14,2014-10-25,43
Tela,Phish,82,1988-03-12,2014-10-25,43
Sparkle,Phish,314,1991-09-25,2014-10-24,44
Jesus Just Left Chicago,ZZ Top,80,1987-08-10,2014-10-22,45
Soul Shakedown Party,Bob Marley and The Wailers,9,1997-02-17,2014-10-22,45
Bold As Love,Jimi Hendrix Experience,78,1988-07-07,2014-10-18,47
Quinn the Eskimo,Bob Dylan,34,1985-04-06,2014-10-17,48
Fluffhead,Phish,248,1984-12-01,2014-08-30,50
Ha Ha Ha,Phish,30,1995-05-14,2014-08-29,51
Fast Enough for You,Phish,73,1992-11-19,2014-08-03,52
Pebbles and Marbles,Trey Anastasio,18,2003-01-03,2014-08-03,52
The Ballad of Curtis Loew,Lynyrd Skynyrd,41,1987-04-29,2014-08-01,54
Alaska,Trey Anastasio,34,2009-06-09,2014-07-30,55
Billy Breathes,Phish,57,1995-09-27,2014-07-30,55
If I Could,Phish,54,1994-04-04,2014-07-29,56
Catapult,Phish,33,1992-04-17,2014-07-27,57
Fee,Phish,276,1987-08-09,2014-07-27,57
I Been Around,Phish,4,2009-08-16,2014-07-27,57
Jennifer Dances,Phish,4,1999-12-05,2014-07-27,57
The Mango Song,Phish,97,1989-03-30,2014-07-26,58
Beauty of a Broken Heart,Phish,11,2009-03-07,2014-07-25,59
Icculus,Phish,27,1986-04-01,2013-12-31,78
Show of Life,Trey Anastasio,24,2010-06-11,2013-12-31,78
Amidst the Peals of Laughter,Phish,1,2013-10-31,2013-10-31,84
Snow,Phish,1,2013-10-31,2013-10-31,84
You Never Know,Phish,1,2013-10-31,2013-10-31,84
Cars Trucks Buses,Phish,78,1995-09-27,2013-10-29,85
Walk Away,The James Gang,79,1988-07-23,2013-10-29,85
Ride Captain Ride,Blues Image,17,1987-03-23,2013-10-26,87
My Mind's Got a Mind of its Ow...,Jimmy Dale Gilmore,44,1992-01-14,2013-10-25,88
Back in the U.S.S.R.,The Beatles,3,1994-10-31,2013-10-23,89
While My Guitar Gently Weeps,The Beatles,34,1994-10-31,2013-10-23,89
Paul and Silas,Josh White,90,1990-09-13,2013-10-20,91
Takin' Care of Business,Bachman-Turner Overdrive,1,2013-10-20,2013-10-20,91
Legalize It,Peter Tosh,1,2013-09-01,2013-09-01,94
On the Road Again,Willie Nelson,1,2013-08-31,2013-08-31,95
Easy To Slip,Little Feat,1,2013-08-30,2013-08-30,96
Oh! Sweet Nuthin',The Velvet Underground,6,1998-10-31,2013-08-30,96
Say Something,Phish,2,2013-07-27,2013-08-30,96
The Oh Kee Pa Ceremony,Phish,212,1989-08-12,2013-08-30,96
Energy,The Apples in Stereo,4,2013-07-05,2013-08-04,98
Alumni Blues,Phish,190,1985-02-01,2013-08-03,99
Driver,Phish,31,1998-10-17,2013-08-03,99
Letter to Jimmy Page,Phish,88,1985-02-01,2013-08-03,99
Babylon Baby,Mike Gordon,3,2011-08-15,2013-08-02,100
Architect,Trey Anastasio,4,2013-07-06,2013-07-31,101
Secret Smile,Trey Anastasio,8,2003-07-08,2013-07-26,104
Dinner and a Movie,Phish,147,1987-11-19,2013-07-21,106
Frost,Trey Anastasio,1,2013-07-17,2013-07-17,109
Heartbreaker,Led Zeppelin,2,2010-10-30,2013-07-16,110
Fly Like an Eagle,Steve Miller Band,1,2012-12-31,2012-12-31,120
Garden Party,Ricky Nelson,1,2012-12-31,2012-12-31,120
Iron Man,Black Sabbath,2,2003-12-31,2012-12-31,120
Kung,Phish,35,1989-10-31,2012-12-31,120
Emotional Rescue,The Rolling Stones,5,1997-11-21,2012-08-31,126
Uncle Pen,Bill Monroe,207,1990-03-28,2012-08-31,126
Peaches en Regalia,Frank Zappa,82,1986-10-15,2012-08-28,128
The Curtain,Phish,119,1988-02-24,2012-08-28,128
Corinna,Taj Mahal,26,1987-02-21,2012-08-17,135
Cool It Down,The Velvet Underground,7,1998-10-31,2012-08-15,136
La Grange,ZZ Top,81,1987-08-09,2012-07-08,137
Steep,Phish,29,1996-10-16,2012-07-08,137
Swept Away,Phish,29,1996-10-16,2012-07-08,137
Blister in the Sun,Violent Femmes,4,1997-07-26,2012-07-07,138
Sabotage,Beastie Boys,5,1998-08-08,2012-07-07,138
Torn and Frayed,The Rolling Stones,7,2009-10-31,2012-07-07,138
Cracklin' Rosie,Neil Diamond,50,1992-01-14,2012-07-06,139
Light Up Or Leave Me Alone,Traffic,19,1986-12-06,2012-07-06,139
Psycho Killer,Talking Heads,4,1993-03-30,2012-07-06,139
Bittersweet Motel,Phish,16,1998-07-21,2012-07-04,140
Head Held High,The Velvet Underground,2,1998-10-31,2012-07-04,140
Purple Rain,Prince,32,1993-07-16,2012-07-04,140
Susskind Hotel,"Trey, Mike and The Duo",3,2011-07-02,2012-07-04,140
Happiness Is a Warm Gun,The Beatles,2,1994-10-31,2012-07-03,141
Access Me,Phish,5,2004-06-26,2012-07-01,142
Lonesome Cowboy Bill,The Velvet Underground,7,1995-05-14,2012-07-01,142
Daniel Saw the Stone,Traditional,19,1993-07-15,2012-06-30,143
Let It Loose,The Rolling Stones,3,2009-10-31,2012-06-30,143
Life on Mars?,David Bowie,23,1995-10-13,2012-06-29,144
Sweet Jane,The Velvet Underground,3,1998-08-08,2012-06-29,144
The Old Home Place,The Dillards,38,1994-06-26,2012-06-28,145
Sweet Virginia,The Rolling Stones,5,1999-09-26,2012-06-24,146
Shaggy Dog,Sam Hopkins,16,1986-10-15,2012-06-22,148
Dog Log,Phish,24,1985-09-26,2012-06-20,149
Brother,Phish,58,1991-09-25,2012-06-17,151
Dogs Stole Things,Phish,35,1997-06-06,2012-06-17,151
Manteca,Dizzy Gillespie,14,1990-11-04,2012-06-16,152
Shafty,Phish,5,1998-04-05,2012-06-10,154
The Gambler,Kenny Rogers,1,2012-06-10,2012-06-10,154
Lifeboy,Phish,52,1993-02-03,2011-12-29,159
Come Together,The Beatles,2,1995-12-08,2011-09-04,162
Guy Forget,Phish,2,2000-10-01,2011-09-04,162
The Way It Goes,Gillian Welch,1,2011-09-04,2011-09-04,162
Sparks,The Who,13,1987-03-23,2011-09-02,164
Sweet Adeline,Artie Shaw,173,1990-03-28,2011-09-02,164
Sleep,Phish,16,1998-10-17,2011-08-17,165
Anything But Me,Phish,12,2003-01-04,2011-08-15,167
Instant Karma!,John Lennon,3,2010-06-12,2011-08-10,169
Mellow Mood,Bob Marley and The Wailers,9,2000-09-08,2011-08-09,170
Rocket Man,Elton John,1,2011-08-09,2011-08-09,170
50 Ways to Leave Your Lover,Paul Simon,1,2011-08-08,2011-08-08,171
On Your Way Down,Allen Toussaint,22,1988-06-24,2011-08-06,172
Big Balls,AC/DC,1,2011-07-03,2011-07-03,174
Time Loves a Hero,Little Feat,8,1988-10-29,2011-07-03,174
Monkey Man,The Rolling Stones,1,2011-07-02,2011-07-02,175
Storage Jam,Phish,1,2011-07-02,2011-07-02,175
Sleep Again,Trey Anastasio,4,2009-11-01,2011-06-30,177
Thunder Road,Bruce Springsteen,1,2011-06-19,2011-06-19,178
Been Caught Stealing,Jane's Addiction,6,1998-08-01,2011-06-18,179
Albuquerque,Neil Young,16,1998-07-26,2011-06-11,184
Rhymes,Al Green,1,2011-06-07,2011-06-07,187
Have Mercy,The Mighty Diamonds,13,1986-04-01,2011-06-04,189
Rocket in My Pocket,Little Feat,2,2010-10-31,2011-06-04,189
Round Room,Phish,5,2003-01-02,2011-01-01,197
Beauty of My Dreams,The Del McCoury Band,50,1997-02-16,2010-12-31,198
Burn That Bridge,Trey Anastasio,1,2010-12-31,2010-12-31,198
Gone,Trey Anastasio,2,2009-12-30,2010-12-31,198
Fat Man in the Bathtub,Little Feat,2,2010-10-31,2010-12-30,199
Pigtail,Phish,1,2010-12-28,2010-12-28,200
She Caught the Katy and Left M...,Taj Mahal,6,1986-12-06,2010-12-28,200
What Things Seem,Phish,2,2010-10-11,2010-12-27,201
A Apolitical Blues,Little Feat,1,2010-10-31,2010-10-31,202
All That You Dream,Little Feat,1,2010-10-31,2010-10-31,202
Day or Night,Little Feat,1,2010-10-31,2010-10-31,202
Dixie Chicken,Little Feat,1,2010-10-31,2010-10-31,202
Don't Bogart That Joint,Fraternity of Man,1,2010-10-31,2010-10-31,202
Feats Don't Fail Me Now,Little Feat,1,2010-10-31,2010-10-31,202
Mercenary Territory,Little Feat,1,2010-10-31,2010-10-31,202
Oh Atlanta,Little Feat,1,2010-10-31,2010-10-31,202
Old Folks Boogie,Little Feat,1,2010-10-31,2010-10-31,202
Sailin' Shoes,Little Feat,1,2010-10-31,2010-10-31,202
Spanish Moon,Little Feat,1,2010-10-31,2010-10-31,202
Spooky,The Classics IV,3,1993-03-14,2010-10-31,202
Tripe Face Boogie,Little Feat,1,2010-10-31,2010-10-31,202
Willin',Little Feat,1,2010-10-31,2010-10-31,202
Ramble On,Led Zeppelin,3,1998-08-01,2010-10-30,203
Stairway to Heaven,Led Zeppelin,1,2010-10-30,2010-10-30,203
Thank You,Led Zeppelin,1,2010-10-30,2010-10-30,203
Whole Lotta Love,Led Zeppelin,5,1990-06-09,2010-10-30,203
All of These Dreams,Phish,9,2002-12-19,2010-10-26,205
Night Nurse,Gregory Isaacs,1,2010-10-26,2010-10-26,205
Time Turns Elastic,Trey Anastasio & Don Hart,17,2009-05-31,2010-10-24,206
Love You,Syd Barrett,95,1987-10-31,2010-10-23,207
My Problem Right There,Phish,3,2010-10-10,2010-10-22,208
"Bill Bailey, Won't You Please ...",Hughie Cannon,6,1993-07-28,2010-10-15,212
Summer of '89,Phish,4,2010-06-18,2010-10-12,213
Let Me Lie,Trey Anastasio,8,2009-06-06,2010-08-10,223
Killing in the Name,Rage Against the Machine,1,2010-07-04,2010-07-04,228
I Am the Walrus,The Beatles,1,2010-06-29,2010-06-29,232
Jumpin' Jack Flash,The Rolling Stones,1,2010-06-27,2010-06-27,233
In the Aeroplane Over the Sea,Neutral Milk Hotel,1,2010-06-26,2010-06-26,234
Billie Jean,Michael Jackson,1,2010-06-25,2010-06-25,235
Free Man in Paris,Joni Mitchell,1,2010-06-25,2010-06-25,235
The Rover,Led Zeppelin,1,2010-06-24,2010-06-24,236
Dr. Gabel,Phish,1,2010-06-22,2010-06-22,237
Lit O Bit,Rita Clarke and the Naturals,1,2010-06-22,2010-06-22,237
Cold Water,Tom Waits,1,2010-06-15,2010-06-15,242
Idea,Phish,1,2010-06-15,2010-06-15,242
Look Out Cleveland,The Band,1,2010-06-12,2010-06-12,244
Blue Moon,Rodgers and Hart,1,2009-12-31,2009-12-31,248
Demand,Phish,15,1994-04-09,2009-12-31,248
Dixie Cannonball,Gene Autry,1,2009-12-30,2009-12-30,249
Crimes of the Mind,The Dude of Life (with Phish),7,1991-08-03,2009-11-29,256
Free Bird,Lynyrd Skynyrd,28,1987-03-06,2009-11-29,256
Tomorrow's Song,Phish,1,2009-11-27,2009-11-27,258
Two Versions of Me,Phish,7,2003-07-12,2009-11-27,258
Invisible,Mike Gordon and Leo Kottke,1,2009-11-01,2009-11-01,265
Talk,Phish,14,1996-08-05,2009-11-01,265
All Down the Line,The Rolling Stones,1,2009-10-31,2009-10-31,266
Casino Boogie,The Rolling Stones,1,2009-10-31,2009-10-31,266
Happy,The Rolling Stones,1,2009-10-31,2009-10-31,266
I Just Want To See His Face,The Rolling Stones,1,2009-10-31,2009-10-31,266
Rip This Joint,The Rolling Stones,1,2009-10-31,2009-10-31,266
Rocks Off,The Rolling Stones,1,2009-10-31,2009-10-31,266
Shake Your Hips,Slim Harpo,1,2009-10-31,2009-10-31,266
Soul Survivor,The Rolling Stones,1,2009-10-31,2009-10-31,266
Stop Breaking Down,Robert Johnson,1,2009-10-31,2009-10-31,266
Sweet Black Angel,The Rolling Stones,1,2009-10-31,2009-10-31,266
Tumbling Dice,The Rolling Stones,1,2009-10-31,2009-10-31,266
Turd on the Run,The Rolling Stones,1,2009-10-31,2009-10-31,266
Ventilator Blues,The Rolling Stones,1,2009-10-31,2009-10-31,266
Highway to Hell,AC/DC,77,1989-10-01,2009-08-16,269
I Kissed a Girl,Katy Perry,1,2009-08-16,2009-08-16,269
Middle of the Road,Mike Gordon and Leo Kottke,2,2009-08-08,2009-08-14,271
How High the Moon,Hamilton and Lewis,5,1990-04-21,2009-08-13,272
Windy City,Phish,1,2009-08-11,2009-08-11,273
Drums,Traditional,11,1984-11-03,2009-08-02,277
Hello My Baby,Howard and Emerson,56,1995-09-27,2009-06-18,284
Bobby Jean,Bruce Springsteen & the E Street Band,1,2009-06-14,2009-06-14,286
Glory Days,Bruce Springsteen,1,2009-06-14,2009-06-14,286
Mustang Sally,Mack Rice,9,1986-10-15,2009-06-14,286
When the Cactus is in Bloom,Jimmie Rodgers,1,2009-06-09,2009-06-09,290
She Thinks I Still Care,George Jones,1,2009-03-08,2009-03-08,297
Cool Jerk,The Capitols,1,2004-08-15,2004-08-15,301
Dickie Scotland,Phish,1,2004-08-15,2004-08-15,301
Friday,Phish,12,2003-01-04,2004-08-14,302
Terrapin,Syd Barrett,66,1987-09-21,2004-08-11,305
The Tears of a Clown,Smokey Robinson & The Miracles,1,2004-08-11,2004-08-11,305
99 Problems,Jay-Z,1,2004-06-18,2004-06-18,315
Big Pimpin',Jay-Z,1,2004-06-18,2004-06-18,315
The Little Drummer Boy,"Katherine Davis, Henry Onorati & Harry Simeone",5,1986-12-06,2004-04-16,318
Girls Girls Girls,Jay-Z,1,2004-04-15,2004-04-15,319
Feel the Heat,"""Dirk Diggler,"" ""Reed Rothchild""",1,2003-12-31,2003-12-31,322
Jungle Boogie,Kool and the Gang,1,2003-12-31,2003-12-31,322
L.A. Woman,The Doors,2,2003-12-30,2003-12-30,323
P-Funk Medley,Parliament-Funkadelic,1,2003-12-30,2003-12-30,323
Long Cool Woman in a Black Dre...,The Hollies,3,1983-12-02,2003-12-01,327
Thunderhead,Trey Anastasio,6,2003-01-02,2003-12-01,327
Chariots of Fire,Vangelis,1,2003-08-03,2003-08-03,330
Discern,Trey Anastasio,4,2003-07-08,2003-08-02,331
Spread It 'Round,Phish,2,2003-07-15,2003-08-02,331
Tower Jam,Phish,1,2003-08-02,2003-08-02,331
Spock's Brain,Phish,8,1995-05-14,2003-07-30,334
You Ain't Goin' Nowhere,Bob Dylan,1,2003-07-30,2003-07-30,334
Fooled Around and Fell in Love,Elvin Bishop,1,2003-07-29,2003-07-29,335
Magilla,Phish,70,1990-09-13,2003-07-22,340
Dust in the Wind,Kansas,1,2003-07-18,2003-07-18,343
Low Rider,War,7,1985-09-27,2003-07-15,345
Mr. Completely,Trey Anastasio,2,2003-07-15,2003-07-15,345
Spices,Trey Anastasio,2,2003-07-07,2003-07-10,348
Carolina,Traditional,80,1990-01-20,2003-03-01,354
Proud Mary,Creedence Clearwater Revival,2,1983-12-02,2003-03-01,354
Blue Skies,Pork Tornado,1,2003-02-26,2003-02-26,356
Clone,Mike Gordon and Leo Kottke,1,2003-02-26,2003-02-26,356
Drifting,Trey Anastasio,1,2003-02-26,2003-02-26,356
Final Flight,Vida Blue,1,2003-02-26,2003-02-26,356
Everyday I Have the Blues,Memphis Slim,1,2003-02-24,2003-02-24,358
Rock Me Baby,B.B. King,1,2003-02-24,2003-02-24,358
The Thrill is Gone,Roy Hawkins,1,2003-02-24,2003-02-24,358
The Lion Sleeps Tonight,Traditional,1,2003-02-18,2003-02-18,362
Golden Lady,Stevie Wonder,2,1994-10-20,2003-02-16,363
The Cover of 'Rolling Stone',Dr. Hook,1,2003-02-14,2003-02-14,365
El Paso,Marty Robbins,1,2000-10-06,2000-10-06,374
The Inlaw Josie Wales,Trey Anastasio,15,1999-09-09,2000-10-06,374
West L.A. Fadeaway,Grateful Dead,1,2000-10-06,2000-10-06,374
"Come On Baby, Let's Go Downtow...",Crazy Horse,2,2000-09-23,2000-10-05,375
Rapper's Delight,The Sugarhill Gang,1,2000-09-29,2000-09-29,380
Walk This Way,Aerosmith,1,2000-09-29,2000-09-29,380
We're an American Band,Grand Funk Railroad,2,1996-11-16,2000-09-29,380
You Shook Me All Night Long,AC/DC,2,1989-04-20,2000-09-29,380
Everybody's Got Something to H...,The Beatles,2,1994-10-31,2000-09-25,382
Back at the Chicken Shack,Jimmy Smith,8,1998-08-14,2000-09-24,383
Windora Bug,Trey Anastasio,2,1999-06-24,2000-09-15,389
Roadrunner,The Modern Lovers,1,2000-09-11,2000-09-11,392
Chalk Dust Torture Reprise,Phish,3,1994-12-10,2000-07-11,399
Moby Dick,Led Zeppelin,8,1993-02-19,2000-07-11,399
Hold Whatcha Got,Jimmy Martin and His Sunny Mountain Boys,1,2000-06-22,2000-06-22,414
"I'm Blue, I'm Lonesome",Bill Monroe,30,1994-11-16,2000-06-22,414
Quadrophonic Toppling,Phish,1,1999-12-31,1999-12-31,431
Big Alligator,Chief Jim Billie,1,1999-12-30,1999-12-30,432
Che Hun Ta Mo,Chief Jim Billie,1,1999-12-30,1999-12-30,432
Misty Mountain Hop,Led Zeppelin,4,1999-07-20,1999-10-10,448
We're Not Gonna Take It,The Who,1,1999-10-08,1999-10-08,450
Messin' with The Kid,Junior Wells,2,1997-08-08,1999-10-03,453
Mozambique,Trey Anastasio,5,1999-09-09,1999-09-26,458
Will It Go Round in Circles?,Billy Preston,2,1999-09-10,1999-09-21,462
Cold Rain and Snow,Grateful Dead,1,1999-09-17,1999-09-17,465
Viola Lee Blues,Gus Cannon,1,1999-09-17,1999-09-17,465
Woodstock,"Crosby, Stills, Nash, and Young",1,1999-07-26,1999-07-26,478
My Left Toe,Phish,5,1999-06-30,1999-07-25,479
Whipping Post,The Allman Brothers Band,48,1984-11-03,1999-07-25,479
The Happy Whip and Dung Song,Phish,1,1999-07-24,1999-07-24,480
Gold Soundz,Pavement,1,1999-07-21,1999-07-21,482
If You Need a Fool,The Del McCoury Band,3,1998-07-29,1999-07-18,484
Smoke on the Water,Deep Purple,1,1999-07-18,1999-07-18,484
On My Knees,Son Seals,1,1999-07-17,1999-07-17,485
Born to Run,Bruce Springsteen,1,1999-07-16,1999-07-16,486
Tuesday's Gone,Lynyrd Skynyrd,1,1999-07-13,1999-07-13,488
Foreplay/Long Time,Boston,17,1994-10-07,1999-07-12,489
Doin' My Time,Jimmie Skinner,2,1996-08-07,1999-07-01,496
Rock A William,Phish,5,1997-02-13,1999-06-24,498
1999,Prince,1,1998-12-31,1998-12-31,500
All the Pain Through the Years,Seth Yacovone,1,1998-11-29,1998-11-29,504
Layla,Derek & the Dominoes,1,1998-11-29,1998-11-29,504
Wipe Out,The Surfaris (a.k.a. The Safaris),6,1991-04-15,1998-11-29,504
Crossroads,Robert Johnson,9,1993-05-08,1998-11-28,505
Mirror in the Bathroom,The English Beat,1,1998-11-27,1998-11-27,506
Something,The Beatles,4,1998-10-29,1998-11-25,507
Cry Baby Cry,The Beatles,4,1994-10-31,1998-11-21,509
Tubthumping,Chumbawamba,1,1998-11-21,1998-11-21,509
Gettin' Jiggy Wit' It,Will Smith (a.k.a. The Fresh Prince),1,1998-11-20,1998-11-20,510
Rock and Roll Part Two,Gary Glitter,1,1998-11-20,1998-11-20,510
Love Me,Elvis Presley,9,1997-02-13,1998-11-18,512
Sexual Healing,Marvin Gaye,4,1998-07-20,1998-11-14,514
So Lonely,The Police,1,1998-11-14,1998-11-14,514
Mind Left Body Jam,"Paul Kantner, Grace Slick, and David Freiberg",3,1993-08-21,1998-11-13,515
I Get a Kick Out of You,Dinah Washington,2,1998-08-02,1998-11-09,517
Fikus,Phish,5,1998-07-02,1998-11-07,519
Any Colour You Like,Pink Floyd,1,1998-11-02,1998-11-02,523
Brain Damage,Pink Floyd,1,1998-11-02,1998-11-02,523
Breathe,Pink Floyd,2,1995-10-25,1998-11-02,523
Eclipse,Pink Floyd,1,1998-11-02,1998-11-02,523
Money,Pink Floyd,1,1998-11-02,1998-11-02,523
On The Run,Pink Floyd,1,1998-11-02,1998-11-02,523
Smells Like Teen Spirit,Nirvana,1,1998-11-02,1998-11-02,523
Speak to Me,Pink Floyd,1,1998-11-02,1998-11-02,523
The Great Gig in the Sky,Pink Floyd,12,1993-03-14,1998-11-02,523
Time,Pink Floyd,1,1998-11-02,1998-11-02,523
Us and Them,Pink Floyd,1,1998-11-02,1998-11-02,523
I Found a Reason,The Velvet Underground,1,1998-10-31,1998-10-31,524
New Age,The Velvet Underground,1,1998-10-31,1998-10-31,524
Train Round the Bend,The Velvet Underground,1,1998-10-31,1998-10-31,524
Who Loves the Sun?,The Velvet Underground,1,1998-10-31,1998-10-31,524
Four Strong Winds,Ian & Sylvia,1,1998-10-18,1998-10-18,529
I Shall Be Released,The Band,1,1998-10-18,1998-10-18,529
Sad Lisa,Cat Stevens,1,1998-10-18,1998-10-18,529
Helpless,"Crosby, Stills, Nash, and Young",1,1998-10-17,1998-10-17,530
Never,Phish,1,1998-10-17,1998-10-17,530
Amazing Grace,Traditional,111,1993-01-28,1998-10-03,532
Arc,Neil Young,1,1998-10-03,1998-10-03,532
Down By the River,Neil Young,1,1998-10-03,1998-10-03,532
Moonlight in Vermont,Blackburn and Suessdorf,1,1998-10-03,1998-10-03,532
Uncloudy Day,The Staples Singers,1,1998-10-03,1998-10-03,532
Will the Circle Be Unbroken?,Traditional,1,1994-11-19,1998-10-03,532
Baby Elephant Walk,Henry Mancini,2,1992-12-01,1998-08-16,533
Ambient Jam,Phish,1,1998-08-15,1998-08-15,534
Burning Down the House,Talking Heads,1,1998-08-12,1998-08-12,536
Trench Town Rock,Bob Marley and The Wailers,1,1998-08-11,1998-08-11,537
Somewhere Over the Rainbow,Judy Garland,7,1992-08-17,1998-08-09,538
Terrapin Station,Grateful Dead,1,1998-08-09,1998-08-09,538
Runnin' with the Devil,Van Halen,1,1998-08-06,1998-08-06,541
Rhinoceros,Smashing Pumpkins,1,1998-08-03,1998-08-03,542
You Better Believe It Baby,Joe Tex,2,1998-07-26,1998-08-02,543
Izabella,Jimi Hendrix Experience,10,1997-06-06,1998-07-31,545
Sea and Sand,The Who,3,1995-10-31,1998-07-20,552
California Love,Tupac Shakur (Featuring Dr.Dre),1,1998-07-15,1998-07-15,556
Johnny B. Goode,Chuck Berry,23,1995-06-17,1998-07-08,559
"New York, New York",Liza Minnelli,1,1997-12-31,1997-12-31,571
Black-Eyed Katy,Phish,7,1997-11-13,1997-12-30,572
I'm Gonna Be (500 Miles),The Proclaimers,1,1997-12-30,1997-12-30,572
Them Changes,Buddy Miles,1,1997-11-30,1997-11-30,585
Olivia's Pool,Phish,6,1997-06-06,1997-11-17,593
Art Jam,Phish,1,1997-08-17,1997-08-17,598
Digital Delay Loop Jam,Phish,10,1994-04-08,1997-08-17,598
Merry Pranksters Jam,Phish,1,1997-08-14,1997-08-14,600
Amoreena,Elton John,1,1997-08-13,1997-08-13,601
Bye Bye Foot,Phish,4,1997-06-06,1997-08-10,603
Rotation Jam,Phish,4,1995-11-25,1997-08-10,603
Ain't Love Funny,J.J. Cale,3,1997-06-06,1997-08-09,604
Hoochie Coochie Man,Muddy Waters,2,1993-04-10,1997-08-08,605
Samson Variation,Ernie Stires,2,1997-06-06,1997-08-03,607
Cinnamon Girl,Neil Young,3,1989-03-01,1997-07-31,609
Rocky Mountain Way,Joe Walsh,2,1991-02-16,1997-07-23,614
Take Me to the River,Al Green,2,1995-11-21,1997-07-10,618
Wormtown,Steve Miller Band,1,1997-07-02,1997-07-02,623
Cecilia,Simon & Garfunkel,1,1997-06-25,1997-06-25,627
Gypsy Queen,Gabor Szabo,3,1996-08-07,1997-06-24,628
I Don't Care,Phish,2,1997-06-06,1997-06-20,631
Waking Up,Phish,1,1997-06-06,1997-06-14,634
Stand!,Sly and the Family Stone,1,1997-06-06,1997-06-13,635
I Told You So,Jimmie Davis,1,1997-03-18,1997-03-18,638
Love Me Like a Man,Bonnie Raitt,1,1997-03-18,1997-03-18,638
Got My Mojo Working,Muddy Waters,1,1997-02-25,1997-02-25,645
Little Red Rooster,Howlin' Wolf,1,1997-02-25,1997-02-25,645
One Meatball,George Martin Lane,1,1997-02-25,1997-02-25,645
All Things Reconsidered,Phish,81,1991-09-25,1997-02-23,646
Why Don't We Do It in the Road...,The Beatles,4,1994-10-31,1997-02-23,646
Bohemian Rhapsody,Queen,1,1996-12-31,1996-12-31,655
Caravan,Duke Ellington,42,1990-01-20,1996-12-29,657
Champagne Supernova,Oasis,1,1996-12-29,1996-12-29,657
Sixteen Candles,The Crests,1,1996-12-29,1996-12-29,657
I Want To Be a Cowboy's Sweeth...,Patsy Montana,1,1996-12-06,1996-12-06,659
Suspicious Minds,Elvis Presley,13,1995-09-30,1996-12-06,659
Wildwood Weed,Jim Stafford,1,1996-12-06,1996-12-06,659
Sweet Emotion,Aerosmith,3,1993-03-16,1996-11-27,666
Midnight on the Highway,Hot Rize,1,1996-11-23,1996-11-23,668
The Vibration of Life,Phish,22,1992-11-23,1996-11-19,670
Mean Mr. Mustard,The Beatles,1,1996-11-15,1996-11-15,673
Born Under Punches (The Heat G...,Talking Heads,1,1996-10-31,1996-10-31,684
Houses in Motion,Talking Heads,1,1996-10-31,1996-10-31,684
Listening Wind,Talking Heads,1,1996-10-31,1996-10-31,684
Seen and Not Seen,Talking Heads,1,1996-10-31,1996-10-31,684
The Great Curve,Talking Heads,1,1996-10-31,1996-10-31,684
The Overload,Talking Heads,1,1996-10-31,1996-10-31,684
All Along the Watchtower,Bob Dylan,2,1994-04-21,1996-10-22,690
Flatbed Truck Jam,Phish,1,1996-08-16,1996-08-16,697
Hold to a Dream,Tim O’Brien,1,1996-08-07,1996-08-07,703
Ninety-Nine Years (and One Dar...,Hot Rize,1,1996-08-07,1996-08-07,703
Theme from Star Trek,Alexander Courage,1,1996-08-04,1996-08-04,706
Axilla (Part II),Phish,38,1994-04-16,1995-12-31,729
Shine,Collective Soul,1,1995-12-31,1995-12-31,729
Taste That Surrounds,Phish,14,1995-10-24,1995-12-29,731
The Real Me,The Who,2,1995-10-31,1995-12-29,731
Mallory,Phish,1,1995-12-15,1995-12-15,735
Acoustic Army,Phish,27,1995-06-07,1995-12-08,740
Faht,Phish,12,1992-11-22,1995-12-02,744
Heart and Soul,Larry Clinton Orchestra,1,1995-11-29,1995-11-29,747
My Long Journey Home,Bill Monroe,15,1994-11-16,1995-11-29,747
Wind Beneath My Wings,Bette Midler,1,1995-11-28,1995-11-28,748
I'm So Tired,The Beatles,2,1994-10-31,1995-11-18,754
Brown Eyed Girl,Van Morrison,1,1995-11-16,1995-11-16,755
If I Only Had a Brain,Ray Bolger (as “The Scarecrow”),41,1989-03-12,1995-11-16,755
Immigrant Song,Led Zeppelin,2,1989-07-01,1995-11-14,757
5:15,The Who,1,1995-10-31,1995-10-31,762
Bell Boy,The Who,1,1995-10-31,1995-10-31,762
Cut My Hair,The Who,1,1995-10-31,1995-10-31,762
Doctor Jimmy,The Who,1,1995-10-31,1995-10-31,762
Helpless Dancer,The Who,1,1995-10-31,1995-10-31,762
I Am the Sea,The Who,1,1995-10-31,1995-10-31,762
I'm One,The Who,1,1995-10-31,1995-10-31,762
I've Had Enough,The Who,1,1995-10-31,1995-10-31,762
Is It In My Head?,The Who,1,1995-10-31,1995-10-31,762
"Love, Reign O'er Me",The Who,1,1995-10-31,1995-10-31,762
My Generation,The Who,1,1995-10-31,1995-10-31,762
Quadrophenia,The Who,1,1995-10-31,1995-10-31,762
The Dirty Jobs,The Who,1,1995-10-31,1995-10-31,762
The Punk Meets the Godfather,The Who,1,1995-10-31,1995-10-31,762
The Rock,The Who,1,1995-10-31,1995-10-31,762
The Fog That Surrounds,Phish,8,1995-09-27,1995-10-17,772
Night Moves,Bob Seger,1,1995-10-02,1995-10-02,782
White Rabbit,Jefferson Airplane,1,1995-09-30,1995-09-30,783
Cryin',Aerosmith,1,1995-09-29,1995-09-29,784
Don't You Want To Go?,The Meditation Singers,5,1995-05-14,1995-09-28,785
Dave's Energy Guide,Phish,21,1985-02-01,1995-06-28,793
Three Little Birds,Bob Marley and The Wailers,1,1995-06-17,1995-06-17,801
Glide II,Phish,1,1995-05-14,1995-05-16,810
Gloria,Them,1,1995-05-16,1995-05-16,810
I'll Come Running,Brian Eno,1,1995-05-14,1995-05-16,810
Yerushalayim Shel Zahav,Naomi Shemer,12,1993-07-16,1994-12-31,812
Big Ball Jam,Phish,102,1992-11-19,1994-12-09,818
Touch Me,The Doors,9,1991-07-11,1994-12-03,823
Fixin' to Die,Bukka White,2,1994-11-17,1994-11-30,826
Blackbird,The Beatles,2,1994-10-31,1994-11-22,831
Little Tiny Butter Biscuits,"""Reverend"" Jeff Mosier",4,1994-11-18,1994-11-22,831
Dooley,The Dillards,1,1994-11-19,1994-11-20,832
Roll in My Sweet Baby's Arms,Traditional,1,1994-11-18,1994-11-19,833
Tennessee Waltz,Roy Acuff & The Smoky Mountain Boys,2,1993-05-06,1994-11-19,833
Helter Skelter,The Beatles,2,1994-10-31,1994-11-17,836
To France,Jeff Mosier,1,1994-11-17,1994-11-17,836
Foggy Mountain Breakdown,Flatt and Scruggs,1,1994-11-16,1994-11-16,837
Pig in a Pen,The Stanley Brothers,2,1993-02-21,1994-11-16,837
"Swing Low, Sweet Chariot",Traditional,13,1986-10-15,1994-11-16,837
Birthday,The Beatles,1,1994-10-31,1994-10-31,844
Costume Contest,Phish,3,1988-10-29,1994-10-31,844
Dear Prudence,The Beatles,1,1994-10-31,1994-10-31,844
Don't Pass Me By,The Beatles,1,1994-10-31,1994-10-31,844
Glass Onion,The Beatles,1,1994-10-31,1994-10-31,844
Honey Pie,The Beatles,1,1994-10-31,1994-10-31,844
I Will,The Beatles,1,1994-10-31,1994-10-31,844
Julia,The Beatles,1,1994-10-31,1994-10-31,844
Long Long Long,The Beatles,1,1994-10-31,1994-10-31,844
Martha My Dear,The Beatles,1,1994-10-31,1994-10-31,844
Mother Nature's Son,The Beatles,1,1994-10-31,1994-10-31,844
"Ob-La-Di, Ob-La-Da",The Beatles,2,1993-05-06,1994-10-31,844
Piggies,The Beatles,2,1985-11-14,1994-10-31,844
Revolution 1,The Beatles,1,1994-10-31,1994-10-31,844
Revolution 9,The Beatles,1,1994-10-31,1994-10-31,844
Rocky Raccoon,The Beatles,1,1994-10-31,1994-10-31,844
Savoy Truffle,The Beatles,1,1994-10-31,1994-10-31,844
Sexy Sadie,The Beatles,1,1994-10-31,1994-10-31,844
The Continuing Story of Bungal...,The Beatles,1,1994-10-31,1994-10-31,844
Wild Honey Pie,The Beatles,1,1994-10-31,1994-10-31,844
Yer Blues,The Beatles,1,1994-10-31,1994-10-31,844
Beaumont Rag,Traditional,4,1994-10-12,1994-10-26,848
The Maker,Daniel Lanois,1,1994-10-15,1994-10-15,856
Setting Sail,Phish,4,1991-04-20,1994-07-15,865
Memories,Van Alstyne and Kahn,42,1990-11-17,1994-07-06,871
Honky Tonk Women,The Rolling Stones,2,1993-04-12,1994-06-30,876
Midnight Rider,The Allman Brothers Band,1,1994-06-22,1994-06-22,882
I Wan'na Be Like You,Louis Prima,9,1994-04-04,1994-06-10,892
O Mio Babbino Caro,Puccini/Forzano,1,1994-05-27,1994-05-27,896
Earache My Eye,Cheech and Chong,1,1994-05-17,1994-05-17,904
Cannonball,The Breeders,1,1994-05-07,1994-05-07,911
Carefree,Sun Ra,1,1994-04-26,1994-04-26,919
Jump Monk,Charles Mingus,2,1988-03-12,1994-04-24,921
High-Heel Sneakers,Tommy Tucker,1,1994-04-23,1994-04-23,922
Who By Fire,Leonard Cohen,1,1994-04-23,1994-04-23,922
Piano Duet,Phish,2,1993-07-28,1994-04-22,923
Take the 'A' Train,Duke Ellington,118,1987-04-29,1994-04-13,931
Oye Como Va,Tito Puente,1,1993-08-28,1993-08-28,944
Nothin' But A Nothin',Baby Gramps,2,1993-08-25,1993-08-26,945
Who Knows,Band of Gypsys,2,1989-10-26,1993-08-09,957
Cocaine,J.J. Cale,1,1993-08-06,1993-08-06,960
Leprechaun,Phish,3,1993-07-15,1993-07-31,963
Donna Lee,Charlie Parker,25,1988-10-29,1993-07-25,968
Vacuum Solo,Phish,8,1992-03-30,1993-05-29,979
Jessica,The Allman Brothers Band,1,1993-05-08,1993-05-08,980
Satin Doll,Duke Ellington,18,1988-06-20,1993-05-08,980
I Been to Georgia on a Fast Tr...,Billy Joe Shaver,1,1993-05-06,1993-05-06,982
That's Alright Mama,Elvis Presley,1,1993-05-06,1993-05-06,982
Why You Been Gone So Long?,Jessi Colter,1,1993-05-06,1993-05-06,982
When Something is Wrong with M...,Sam and Dave,3,1993-04-24,1993-04-30,987
Help Me,Sonny Boy Williamson,1,1993-04-10,1993-04-10,1002
My Life As a Pez,Dave Abrahams,1,1993-03-28,1993-03-28,1012
The Prison Joke,John Fox,2,1991-04-11,1993-03-24,1016
Secret Language Instructions,Phish,12,1992-03-06,1993-03-16,1022
You Gotta See Mama Every Night,Con Conrad and Billy Rose,1,1993-03-16,1993-03-16,1022
I Walk the Line,Johnny Cash,10,1992-11-19,1993-03-09,1026
Choo Choo Ch' Boogie,Louis Jordan,1,1993-03-02,1993-03-02,1031
It's All Right,Bruce Sunpie Barnes and the Louisiana Sunspots,1,1993-03-02,1993-03-02,1031
Loup Garou,Bruce Sunpie Barnes and the Louisiana Sunspots,1,1993-03-02,1993-03-02,1031
Rock and Roll All Nite,Kiss,1,1993-02-20,1993-02-20,1038
Diamond Girl,Seals and Crofts,1,1992-12-31,1992-12-31,1054
Blue Bayou,Roy Orbison,2,1992-07-16,1992-12-29,1056
Self,The Dude of Life (with Phish),4,1990-09-13,1992-11-20,1077
Cold as Ice,Foreigner,82,1992-01-14,1992-05-18,1123
Eliza,Phish,22,1990-09-15,1992-05-14,1127
Wait,Phish,5,1991-10-31,1992-05-14,1127
Band/Crew Football Theme Song,Phish,2,1991-04-16,1992-05-02,1136
Lively Up Yourself,Bob Marley and The Wailers,1,1992-04-21,1992-04-21,1144
Lullaby of Birdland,Ella Fitzgerald,1,1992-03-28,1992-03-28,1161
Baby Lemonade,Syd Barrett,1,1992-03-11,1992-03-11,1174
Rhombus Narration,Phish,12,1989-09-09,1991-11-15,1191
Roll Like a Cantaloupe,Phish,4,1986-10-15,1991-11-14,1192
Family Picture,The Dude of Life (with Phish),1,1990-09-30,1991-11-08,1197
T.V. Show,The Dude of Life (with Phish),1,1991-11-08,1991-11-08,1197
Pusherman,Curtis Mayfield,1,1991-11-01,1991-11-01,1202
Bitchin' Again,The Dude of Life (with Phish),1,1991-08-03,1991-08-03,1230
Flat Fee,Phish,21,1987-08-09,1991-07-27,1231
Moose the Mooche,Charlie Parker Septet,1,1991-07-12,1991-07-12,1244
Mr. P.C.,John Coltrane,3,1988-07-30,1991-05-17,1248
The Asse Festival,Phish,24,1990-09-13,1991-04-27,1257
Let's Go,The Cars,11,1991-02-04,1991-03-22,1280
Don't Get Me Wrong,Phish,3,1990-10-06,1990-12-28,1313
No Good Trying,Syd Barrett,3,1990-12-07,1990-12-28,1313
Mo' Better Blues,Terence Blanchard,2,1990-09-22,1990-11-26,1320
Communication Breakdown,Led Zeppelin,5,1990-01-26,1990-10-20,1338
Goin' Down Slow,"""St. Louis Jimmy"" Oden",3,1990-09-13,1990-10-03,1352
Minute by Minute,Doobie Brothers,3,1990-09-13,1990-10-03,1352
Black and Tan Fantasy,Duke Ellington,1,1990-09-28,1990-09-28,1356
Dahlia,The Dude of Life (with Phish),1,1990-09-13,1990-09-13,1366
Revolution's Over,The Dude of Life (with Phish),1,1990-09-13,1990-09-13,1366
In a Mellow Tone,Duke Ellington,1,1989-08-12,1990-06-17,1370
The Chase,Phish,7,1987-10-14,1990-06-07,1374
Jägermeister Song,Phish,2,1990-04-18,1990-05-06,1394
Metal Bagel Death,Phish,1,1990-05-04,1990-05-04,1396
No Dogs Allowed,Phish,6,1988-07-23,1990-04-21,1404
Killer Joe,Phish,1,1990-03-17,1990-03-17,1424
Who Do? We Do!,Phish,16,1987-04-24,1990-03-10,1427
Fluff's Travels,Phish,1,1989-12-30,1989-12-30,1462
In a Hole,Phish,8,1989-10-20,1989-12-16,1464
Undun,The Guess Who,6,1989-03-30,1989-12-07,1468
Clod,Phish,11,1986-10-15,1989-11-10,1478
Bundle of Joy,Phish,9,1987-08-21,1989-11-03,1481
Gaul Swerves and the Rest is E...,Phish,1,1989-10-26,1989-10-26,1485
Anarchy,Phish,12,1985-03-04,1989-10-14,1489
The Fishin' Hole,Herbert Spencer and Earle Hagen,2,1989-03-01,1989-08-26,1507
Autumn Leaves,Jo Stafford,1,1989-08-12,1989-08-12,1514
Blue Monk,Thelonius Monk,2,1987-02-21,1989-08-12,1514
Blue Sky,The Allman Brothers Band,1,1989-08-12,1989-08-12,1514
Four,Miles Davis,1,1989-08-12,1989-08-12,1514
Lucky Seven,Dave Holland,1,1989-08-12,1989-08-12,1514
My Favorite Things,Rodgers & Hammerstein,1,1989-08-12,1989-08-12,1514
Night and Day,Ella Fitzgerald,1,1989-08-12,1989-08-12,1514
On Green Dolphin Street,Urbie Green,1,1989-08-12,1989-08-12,1514
Funky (Breakdown),Ninja Custodian,1,1989-05-28,1989-05-28,1527
The Price of Love,Ninja Custodian,2,1989-03-30,1989-05-28,1527
The Practical Song,Phish,2,1988-09-12,1989-05-26,1529
Dazed and Confused,Led Zeppelin,1,1989-05-21,1989-05-21,1530
I've Turned Bad,Phish,1,1989-05-09,1989-05-09,1537
If I Don't Be There By Morning,Eric Clapton,1,1989-05-09,1989-05-09,1537
Nowhere Fast,Phish,1,1989-05-09,1989-05-09,1537
Le Freak,Chic,1,1989-04-13,1989-04-13,1554
American Woman,The Guess Who,1,1989-03-01,1989-03-01,1569
Green Onions,Booker T. & the M.G.'s,1,1989-03-01,1989-03-01,1569
Call It Stormy Monday (But Tue...,T-Bone Walker,1,1989-02-23,1989-02-23,1572
All Blues,Miles Davis,3,1986-04-15,1989-02-06,1578
Dear Mrs. Reagan,Phish,13,1985-11-14,1989-01-18,1586
Andy's Chest,Lou Reed,1,1988-09-13,1988-09-13,1604
Wild Child,Lou Reed,6,1984-11-03,1988-09-08,1608
Big Leg Emma,The Mothers of Invention,7,1985-04-06,1988-08-04,1624
I Know a Little,Lynyrd Skynyrd,5,1986-12-06,1988-08-03,1625
Maiden Voyage,Herbie Hancock,1,1988-07-30,1988-07-30,1626
Blue Bossa,Joe Henderson,3,1988-06-24,1988-07-23,1631
Sweet Georgia Brown,Ben Bernie,1,1988-07-07,1988-07-07,1635
St. Thomas,Sonny Rollins,1,1988-05-21,1988-05-21,1651
The Chicken,James Brown,1,1988-03-11,1988-03-11,1673
Phase Dance,Pat Metheny Group,4,1988-02-07,1988-02-26,1675
Sympathy for the Devil,The Rolling Stones,1,1988-02-03,1988-02-03,1681
Back Porch Boogie Blues,Max Creek,8,1986-05-17,1987-10-31,1688
Prep School Hippie,Phish,5,1985-02-01,1987-10-10,1694
Lushington,Phish,8,1986-10-15,1987-09-02,1701
Stir It Up,Bob Marley and The Wailers,1,1987-08-21,1987-08-21,1704
Tush,ZZ Top,2,1986-12-06,1987-08-10,1705
Come On (Part One),Earl King,1,1987-04-29,1987-04-29,1712
Melt the Guns,XTC,4,1985-09-27,1987-04-29,1712
Punch Me in the Eye,Phish,1,1987-04-24,1987-04-24,1714
Why Don't You Love Me?,Hank Williams,2,1987-02-21,1987-03-23,1715
Freeworld,Phish,1,1987-03-06,1987-03-06,1717
Tell Me Something Good,Rufus with Chaka Khan,1,1987-03-06,1987-03-06,1717
Help on the Way,Grateful Dead,1,1986-04-01,1986-04-01,1742
Not Fade Away,The Crickets,1,1986-04-01,1986-04-01,1742
Slipknot!,Grateful Dead,1,1986-04-01,1986-04-01,1742
The Pendulum,Zenzile,2,1986-02-03,1986-04-01,1742
Babylon is Burning,Zenzile,1,1986-02-03,1986-02-03,1744
Dec 1661,Zenzile,1,1986-02-03,1986-02-03,1744
Tonight,Zenzile,1,1986-02-03,1986-02-03,1744
Wild Thing,The Wild Ones,1,1985-11-23,1985-11-23,1746
Hurricane,Bob Dylan,1,1985-11-14,1985-11-14,1747
I Wish,Stevie Wonder,2,1985-04-06,1985-10-30,1749
Revival,The Allman Brothers Band,1,1985-10-30,1985-10-30,1749
Skippy the Wondermouse,Phish,4,1984-12-01,1985-10-30,1749
Revolution,Phish,4,1985-04-06,1985-10-17,1752
T.V. Theme,Phish,2,1985-09-27,1985-10-17,1752
In the Midnight Hour,Wilson Pickett,5,1983-12-02,1985-09-27,1753
Bring It On Home,Sonny Boy Williamson,1,1985-05-03,1985-05-03,1757
Can't You Hear Me Knocking,The Rolling Stones,4,1984-11-03,1985-05-03,1757
Eyes of the World,Grateful Dead,3,1984-11-03,1985-05-03,1757
Scarlet Begonias,Grateful Dead,3,1983-12-02,1985-05-03,1757
The Other One,Grateful Dead,1,1985-05-03,1985-05-03,1757
Don't Want You No More,Spencer Davis Group,2,1984-12-01,1985-04-06,1764
Bertha,Grateful Dead,3,1984-11-03,1985-03-16,1766
Fire Up the Ganja,Phish,1,1985-03-04,1985-03-04,1768
Fire on the Mountain,Diga Rhythm Band,2,1983-12-02,1984-12-01,1775
Spanish Flea,Herb Alpert and the Tijuana Brass,1,1984-12-01,1984-12-01,1775
St. Stephen,Grateful Dead,1,1984-11-03,1984-11-03,1776
Roadhouse Blues,The Doors,1,1983-12-02,1983-12-02,1779
Squeeze Box,The Who,1,1983-12-02,1983-12-02,1779